time,verror,vsteer,gsteer
1,-6.45,-3.225,12.21597534512776
2,-6.45,-3.225,12.21597534512776
3,-6.45,-3.225,12.21597534512776
4,-6.45,-3.2250000001266748,12.21597534512776
5,-6.45,-3.225,12.21597534512776
6,-6.45,-3.225,12.21597534512776
7,-6.45,-3.225,12.21597534512776
8,-6.1,-3.049999999873325,12.21597534512776
9,-6.45,-3.225,12.21597534512776
10,-6.55,-3.2750000001266746,12.21597534512776
11,-7.0,-3.500000000090482,14.999999999999998
12,-6.45,-3.2250000001266748,14.999999999999998
13,-6.2,-3.1,14.999999999999998
14,-6.45,-3.225,14.999999999999998
15,-6.45,-3.225,14.999999999999998
16,-6.45,-3.2250000001266748,14.999999999999998
17,-13.350000000000001,-6.67499999746651,14.999999999999998
18,-9.55,-4.775000004252646,14.999999999999998
19,40.14999999999999,20.074999997466506,14.999999999999998
20,-5.2,-2.5999999998552292,14.999999999999998
21,-5.550000000000001,-2.7749999991132785,14.999999999999998
22,-8.45,-4.22500000019906,14.999999999999998
23,-6.45,-3.225000000235253,14.999999999999998
24,-6.4,-3.200000000090482,14.999999999999998
25,-5.9,-2.949999999945711,14.999999999999998
26,-5.9,-2.95,14.999999999999998
27,-5.800000000000001,-2.9000000000000004,14.999999999999998
28,-5.800000000000001,-2.9000000000000004,14.999999999999998
29,-5.800000000000001,-2.9000000000000004,14.999999999999998
30,-5.800000000000001,-2.8999999997647476,14.999999999999998
31,-6.45,-3.225000000235253,14.999999999999998
32,-6.45,-3.225,14.999999999999998
33,-6.45,-3.2249999999095182,14.999999999999998
34,-6.050000000000001,-3.0250000000542894,14.999999999999998
35,-6.15,-3.075000000126675,14.999999999999998
36,-5.800000000000001,-2.8999999998733257,14.999999999999998
37,-5.800000000000001,-2.9000000000000004,14.999999999999998
38,-6.25,-3.125000000090482,14.999999999999998
39,-16.0,-8.0,14.999999999999998
40,-15.5,-7.749999999728555,14.999999999999998
41,-21.6,-10.800000000018096,-12.051434980346622
42,-20.9,-10.449999999909517,-14.999999999999998
43,-18.7,-9.34999999980094,-14.999999999999998
44,-16.9,-8.450000000361927,-9.939895704612507
45,-21.15,-10.575000000126673,-7.830258988489352
46,-20.799999999999997,-10.399999999873325,5.057873723744185
47,-19.7,-9.849999999819037,5.036052339875
48,-21.349999999999998,-10.674999999963806,-10.518993252290368
49,-21.349999999999998,-10.674999999963806,-14.999999999999998
50,-21.349999999999998,-10.674999999999999,-14.999999999999998
51,-21.349999999999998,-10.674999999963806,-14.999999999999998
52,-21.349999999999998,-10.674999999999999,-14.999999999999998
53,-21.349999999999998,-10.674999999999999,-14.999999999999998
54,-21.349999999999998,-10.674999999999999,-14.999999999999998
55,-21.349999999999998,-10.674999999999999,-14.999999999999998
56,-21.349999999999998,-10.674999999873325,-14.999999999999998
57,-21.7,-10.850000000126673,-14.999999999999998
58,-21.8,-10.900000000162867,-14.999999999999998
59,-21.45,-10.725000000036193,-14.999999999999998
60,-21.7,-10.850000000090482,-14.999999999999998
61,-21.45,-10.724999999909517,-14.999999999999998
62,-21.349999999999998,-10.674999999999999,-14.999999999999998
63,-21.7,-10.85,-14.999999999999998
64,-21.7,-10.849999999963806,-14.999999999999998
65,-21.45,-10.725,-14.999999999999998
66,-7.75,-3.8749999994390127,-14.999999999999998
67,-2.75,-1.3749999997104583,-14.072845850582203
68,-3.75,-1.8749999989685073,-9.880826620294135
69,-4.8500000000000005,-2.4250000006695656,-8.457975456067253
70,2.200000000000001,1.1000000003076387,-3.938775494648878
71,-0.1999999999999993,-0.10000000057908326,14.999999999999998
72,1.4499999999999993,0.7249999997647469,14.999999999999998
73,1.25,0.6249999998190364,14.999999999999998
74,7.299999999999997,3.6499999999819024,14.999999999999998
75,-46.3,-23.149999999511397,-14.999999999999998
76,7.600000000000001,3.799999999873326,5.487533210825365
77,-14.149999999999999,-7.07500000193631,-14.999999999999998
78,-3.8000000000000007,-1.8999999999638075,13.289749896837463
79,-1.5500000000000007,-0.7750000002352531,14.999999999999998
80,-1.950000000000001,-0.9750000002895424,14.999999999999998
81,-2.200000000000001,-1.0999999998914223,14.999999999999998
82,-1.8000000000000007,-0.8999999998733258,14.999999999999998
83,-0.6500000000000004,-0.3249999999095184,14.999999999999998
84,-1.0,-0.49999999954759095,14.999999999999998
85,-6.25,-3.125000000452409,14.999999999999998
86,-6.65,-3.325,14.999999999999998
87,-6.65,-3.325,14.999999999999998
88,-6.65,-3.325000000144771,14.999999999999998
89,-6.9,-3.450000000126675,14.999999999999998
90,-6.9,-3.45,14.999999999999998
91,-6.9,-3.450000000126675,14.999999999999998
92,-6.9,-3.45,14.999999999999998
93,-6.9,-3.450000000126675,14.999999999999998
94,-5.65,-2.825,14.999999999999998
95,-5.65,-2.825,14.999999999999998
96,-2.25,-1.1250000000904818,14.999999999999998
97,-2.1500000000000004,-1.0750000003257347,14.999999999999998
98,-7.6,-3.7999999988961215,14.999999999999998
99,-5.6000000000000005,-2.7999999997647476,14.999999999999998
100,-7.45,-13.724999999963806,14.999999999999998
101,-7.2,6.4,14.999999999999998
102,-7.45,-3.724287943700082,14.999999999999998
103,-7.550000000000001,-3.7750000000000004,14.999999999999998
104,-7.550000000000001,-3.775000000235253,14.999999999999998
105,-2.3000000000000007,-1.1499999992037604,14.999999999999998
106,4.35,2.175,14.999999999999998
107,4.35,2.175,14.999999999999998
108,3.9000000000000004,1.9499999997828439,14.999999999999998
109,4.35,2.175000000162867,14.999999999999998
110,4.0,1.9999999998733256,14.999999999999998
111,1.0,0.49999999987332544,14.999999999999998
112,-34.75,-17.375000002551587,5.839059150673211
113,-36.8,-18.39704889005476,-14.999999999999998
114,-34.7,-17.34999999914947,-6.0176988365948505
115,-19.9,-9.949999999837132,14.999999999999998
116,1.3000000000000007,0.6499999995475912,14.999999999999998
117,-0.40000000000000036,-0.20000000005428928,14.999999999999998
118,-0.9000000000000004,-0.44999999918566386,14.999999999999998
119,-3.450000000000001,-1.7249999998552297,14.999999999999998
120,-6.4,-3.200000000054289,14.999999999999998
121,-5.35,-2.674999999873325,14.999999999999998
122,-5.35,-2.675,14.999999999999998
123,-5.35,-2.675,14.999999999999998
124,-5.2,-2.5999999999095182,14.999999999999998
125,5.199999999999999,2.599999999710458,14.999999999999998
126,7.5,3.7500000001809637,14.999999999999998
127,-1.5,-0.7500000005609873,14.999999999999998
128,5.549999999999997,2.7750000008324314,14.999999999999998
129,-1.6000000000000014,-0.8000000011943607,14.999999999999998
130,-1.25,-0.6249999995656873,14.999999999999998
131,-0.6000000000000014,-0.2999999995294953,14.999999999999998
132,-5.9,-2.9499999993123383,14.999999999999998
133,3.6499999999999986,1.825000000235252,14.999999999999998
134,-1.6500000000000004,-0.8249999997104583,14.999999999999998
135,1.3499999999999996,0.6749999995656871,14.999999999999998
136,1.0999999999999979,0.5499999999457098,14.999999999999998
137,3.8499999999999996,1.924999999909518,14.999999999999998
138,-2.2,-1.1000000001266745,14.999999999999998
139,3.5500000000000007,1.7749999993304348,14.999999999999998
140,-3.6500000000000004,-1.8250000005609874,14.999999999999998
141,4.300000000000001,2.1499999996561696,14.999999999999998
142,0.5499999999999989,0.2750000004524085,-14.999999999999998
143,4.799999999999999,2.4000000001990593,14.999999999999998
144,-2.3500000000000005,-1.1750000002171566,14.999999999999998
145,-6.65,-3.3250000003619276,14.999999999999998
146,3.650000000000002,1.8249999997104593,14.999999999999998
147,-2.1000000000000005,-1.0500000003981202,14.999999999999998
148,-110.0,-30.0,-10.528000122506738
149,-47.3,-23.649999956568728,-14.999999999999998
150,-163.0,-30.0,14.999999999999998
151,-145.0,-30.0,14.999999999999998
152,-10.0,-4.999999951863676,14.999999999999998
153,-147.2,-30.0,14.999999999999998
154,-165.0,-30.0,14.999999999999998
155,-229.0,-30.0,14.999999999999998
156,47.05,23.525000020647948,14.999999999999998
157,-10.0,-5.0,14.999999999999998
158,-10.0,-5.0,14.999999999999998
159,112.35,30.0,14.999999999999998
160,163.9,30.0,-14.999999999999998
161,158.5,30.0,-14.999999999999998
162,-51.8,-25.899999999113277,-14.999999999999998
163,-41.199999999999996,-20.600000021245126,-14.999999999999998
164,8.049999999999997,4.024999978284364,-14.999999999999998
165,-30.15,-15.07499998526956,-14.999999999999998
166,-106.44999999999999,-30.0,-14.999999999999998
167,-28.35,-14.1750000005067,-14.999999999999998
168,-27.049999999999997,-13.525000000199059,-14.999999999999998
169,-34.5,-17.250000002823032,-14.999999999999998
170,-25.85,-12.92499999980094,-14.999999999999998
171,-27.75,-13.874999999656168,-14.999999999999998
172,-34.5,-17.249999999710457,-14.999999999999998
173,-46.3,-23.149999999728553,-14.999999999999998
174,-46.65,-23.325000000126675,-14.999999999999998
175,-47.35,-23.675000000036192,-14.999999999999998
176,-7.0,-3.499999999945711,14.999999999999998
177,-5.8,-2.8999999999276143,14.999999999999998
178,-5.7,-2.8499999997647474,14.999999999999998
179,-6.45,-3.2249999997828436,14.999999999999998
180,-6.7,-3.3500000007600472,14.999999999999998
181,-6.35,-3.175000000108578,14.999999999999998
182,-10.95,-5.47500000034383,14.999999999999998
183,-11.25,-5.624999999764747,14.999999999999998
184,-10.9,-5.45,14.999999999999998
185,6.599999999999998,3.300000003709753,14.999999999999998
186,24.799999999999997,12.399999999981903,14.999999999999998
187,2.6499999999999986,1.32500000153819,14.999999999999998
188,-0.40000000000000036,-0.19999999987332565,14.999999999999998
189,-4.15,-2.075,14.999999999999998
190,-41.5,-20.750000000271445,9.350079885123879
191,20.6,10.299999999583784,14.999999999999998
192,0.8999999999999986,0.449999999185663,14.999999999999998
193,-2.9000000000000004,-1.45000000059718,14.999999999999998
194,12.149999999999999,6.074999998624675,14.999999999999998
195,35.05,17.57573593531168,14.999999999999998
196,6.449999999999999,3.2249999983894235,-14.999999999999998
197,-78.35,-30.0,14.999999999999998
198,15.05,7.525000000669566,-14.999999999999998
199,-54.3,-27.149999999185663,-14.999999999999998
200,-61.05,-30.0,14.999999999999998
201,19.25,9.625000000307638,-14.999999999999998
202,16.4,8.200000001357227,-14.999999999999998
203,58.89999999999999,29.449999999945707,-14.999999999999998
204,-24.299999999999997,-12.150000007908108,14.999999999999998
205,-4.2,-2.0999999986789657,14.999999999999998
206,-18.95,-9.475000000343831,14.999999999999998
207,22.4,11.200000000850528,14.999999999999998
208,13.05,6.524999998823737,14.999999999999998
209,-4.3,-2.1499999970321966,14.999999999999998
210,-4.25,-2.125,14.999999999999998
211,-4.25,-2.125,14.999999999999998
212,-3.7,-1.8499999998190364,14.999999999999998
213,-13.75,-6.875000000760047,14.999999999999998
214,-13.0,-6.50000000019906,14.999999999999998
215,-8.8,-4.399999999837133,14.999999999999998
216,-9.3,-4.649999999457109,14.999999999999998
217,-9.35,-4.675000000253349,14.999999999999998
218,-16.1,-8.050000000271446,14.999999999999998
219,-14.8,-7.40000000079624,14.999999999999998
220,38.349999999999994,19.175000001447707,14.999999999999998
221,-70.3,-30.0,14.999999999999998
222,-9.2,-4.6000000032392485,-14.999999999999998
223,-29.85,-14.924999997484607,14.999999999999998
224,-9.5,-4.753835202510315,-14.999999999999998
225,-20.3,-10.150000000941011,-14.999999999999998
226,-25.5,-12.75,-14.999999999999998
227,-20.25,-10.12499999945711,-14.999999999999998
228,-7.05,-3.522431433545478,-14.999999999999998
229,6.800000000000001,3.4000000001990602,-14.999999999999998
230,4.6,2.299999999891422,-14.999999999999998
231,-33.3,-16.650000003184957,14.999999999999998
232,-58.3,-29.15000000074195,14.999999999999998
233,-16.35,-8.175000002280143,-14.999999999999998
234,-25.45,-12.725000000615276,-14.999999999999998
235,-25.45,-12.72500000019906,14.999999999999998
236,-42.25,-21.125000000126676,14.999999999999998
237,-46.35,-23.175000000289543,14.999999999999998
238,-9.4,-4.699999995946415,14.999999999999998
239,2.6000000000000014,1.3000000012848425,-14.999999999999998
240,6.0,2.999999999855229,-14.999999999999998
241,-23.45,-11.724999998317038,14.999999999999998
242,-36.9,-18.44999999587403,14.999999999999998
243,-12.6,-6.300000001284841,-14.999999999999998
244,15.549999999999997,7.774999999601879,-14.999999999999998
245,-11.85,-5.930759293526661,-14.999999999999998
246,-15.5,-7.749999999782844,-14.999999999999998
247,-16.9,-8.450000000361927,-14.999999999999998
248,-26.9,-13.45000000014477,-14.999999999999998
249,-36.6,-18.300000000361926,14.999999999999998
250,-11.05,-5.52500000085053,-14.999999999999998
251,6.75,3.375000000814336,-14.999999999999998
252,11.649999999999999,5.824999999728554,-14.999999999999998
253,-4.700000000000001,-2.3499999993304352,14.999999999999998
254,0.3999999999999986,0.2000000002714447,14.999999999999998
255,-1.25,-0.6250000003257346,14.999999999999998
256,-3.4000000000000004,-1.699999999837133,-14.999999999999998
257,0.3000000000000007,0.15000000070575845,-14.999999999999998
258,0.8000000000000007,0.40000000023525306,-14.999999999999998
259,-3.8000000000000007,-1.9000000000904822,14.999999999999998
260,-9.85,-4.924999999891422,14.999999999999998
261,-16.1,-8.050000000687662,14.999999999999998
262,-16.9,-8.449999999674265,14.999999999999998
263,-19.049999999999997,-9.524999999873325,14.999999999999998
264,-33.45,-16.725000004958403,14.999999999999998
265,-53.449999999999996,-26.724999999077085,14.999999999999998
266,-49.7,-24.850000002334433,14.999999999999998
267,-49.3,-24.652622899858653,-14.999999999999998
268,-19.35,-9.674999999746651,-10.303709694695597
269,-19.35,-9.67413074972836,-14.999999999999998
270,-19.4,-9.700000000126673,-6.7910442370977835
271,-19.1,-9.550000000018096,7.691737570602641
272,-19.299999999999997,-9.64999999940282,14.999999999999998
273,-17.7,-8.849999999927615,14.999999999999998
274,-4.6,-2.299999999167567,14.999999999999998
275,-6.15,-3.0749999995656876,12.7733740094826
276,19.150000000000002,9.575000000343833,14.999999999999998
277,15.600000000000001,7.7999999991313755,14.999999999999998
278,2.6499999999999986,1.3250000001628666,14.999999999999998
279,2.549999999999999,1.2749999990046996,14.999999999999998
280,1.0999999999999996,0.550000000108578,14.999999999999998
281,-16.95,-8.474999999674266,14.999999999999998
282,-17.45,-8.725,14.999999999999998
283,-17.6,-8.800000000235253,14.442910509379882
284,-18.1,-9.050000000108579,11.44464899903832
285,-7.65,-3.8250000008686253,8.523363825377865
286,-6.4,-3.2000000001628672,-9.351048135430835
287,-6.5,-3.25,-10.704932486613222
288,-6.5,-3.25,-11.265628657410282
289,-6.5,-3.25,-11.197006207213654
290,-6.5,-3.25,-9.537617332947782
291,-9.1,-4.55,-12.940620357642157
292,-8.1,-4.049999999873325,-13.669095244952116
293,-8.1,-4.049999999963807,-13.547567375865595
294,-8.55,-4.275,-13.373581591186655
295,-8.2,-4.099999999873325,-14.435125942194965
296,-8.2,-4.099999999873325,-14.446051660678094
297,-8.55,-4.275000000162867,-14.421281605401271
298,-8.2,-4.1,-14.999999999999998
299,-8.55,-4.275000000126675,-14.999999999999998
300,-8.2,-4.099999999873325,-14.999999999999998
301,-8.2,-4.1,-14.999999999999998
302,-8.55,-4.275,-14.999999999999998
303,-8.2,-4.1,-14.999999999999998
304,-8.55,-4.275,-14.999999999999998
305,-8.55,-4.275,-14.999999999999998
306,-8.55,-4.275,-14.999999999999998
307,-8.2,-4.099999999873325,-14.999999999999998
308,-8.2,-4.099999999873325,-14.999999999999998
309,-8.55,-4.275,-14.999999999999998
310,-8.55,-4.275,-14.999999999999998
311,-8.2,-4.1,-14.999999999999998
312,-8.55,-4.275,-14.999999999999998
313,-8.2,-4.099999999873325,-14.999999999999998
314,-8.55,-4.275000000126675,-14.999999999999998
315,-8.2,-4.1,-14.999999999999998
316,-8.55,-4.275000000126675,-14.999999999999998
317,-8.55,-4.275,-14.999999999999998
318,-8.55,-4.275000000126675,-14.999999999999998
319,-8.55,-4.275,-14.999999999999998
320,-8.55,-4.275,-14.999999999999998
321,-8.55,-4.275,-14.999999999999998
322,-8.55,-4.275,-14.999999999999998
323,-8.2,-4.099999999873325,-14.999999999999998
324,-8.55,-4.275,-14.999999999999998
325,-8.55,-4.275,-14.999999999999998
326,-8.55,-4.275,-14.999999999999998
327,-8.2,-4.099999999873325,-14.999999999999998
328,-8.55,-4.275000000126675,-14.999999999999998
329,-8.2,-4.1,-14.999999999999998
330,-8.55,-4.275,-14.999999999999998
331,-9.85,-4.925000000470505,-14.999999999999998
332,-7.300000000000001,-3.650000000488602,-14.999999999999998
333,-25.9,-12.950000000814336,-14.999999999999998
334,-14.149999999999999,-7.074999999692361,-14.999999999999998
335,-1.5999999999999996,-0.8000000001990598,-8.73858521853134
336,0.049999999999998934,0.025000000361926684,-7.766164317154938
337,-1.8499999999999996,-0.9250000009048178,9.172086078681591
338,-4.1000000000000005,-2.049999999384724,1.1160987654174224
339,-3.3000000000000007,-1.650000000434313,8.237884706260202
340,-12.149999999999999,-6.076645645504448,-9.08945189981338
341,-9.6,-4.79999999940282,9.763816650348184
342,-0.15000000000000036,-0.07500000000000018,14.999999999999998
343,-2.6500000000000004,-1.3250000000000002,14.999999999999998
344,-2.6000000000000005,-1.2999999992942421,14.999999999999998
345,-1.0,-0.49999999992761457,14.999999999999998
346,-2.0,-0.9999999999095182,14.999999999999998
347,-1.6500000000000004,-0.825000000090482,14.999999999999998
348,-2.1000000000000014,-1.0499999996380736,14.999999999999998
349,-6.800000000000001,-3.4000000003619277,14.999999999999998
350,-3.6000000000000005,-1.7999999995656877,14.999999999999998
351,7.549999999999997,3.774999999565686,14.999999999999998
352,-20.9,-10.450000000868625,6.647788817204839
353,-11.65,-5.824999999638073,14.999999999999998
354,5.399999999999999,2.6999999987151577,14.999999999999998
355,-20.099999999999998,-10.049999999221855,14.999999999999998
356,-5.2,-2.600000000307638,14.999999999999998
357,-5.8,-2.90000000019906,14.999999999999998
358,3.8499999999999996,1.9249999997466507,14.999999999999998
359,-1.9000000000000004,-0.9499999997647475,14.999999999999998
360,-2.5,-1.2500000001266744,14.999999999999998
361,-1.25,-0.6249999996561691,14.999999999999998
362,-2.0500000000000007,-1.0250000003619275,14.999999999999998
363,-1.6500000000000004,-0.8250000009229146,14.999999999999998
364,-3.3499999999999996,-1.67499999980094,14.999999999999998
365,-7.15,-3.574999999891422,14.999999999999998
366,-3.6500000000000004,-1.825000000144771,14.999999999999998
367,-1.75,-0.8749999996199764,14.999999999999998
368,3.1999999999999993,1.6000000006514685,14.999999999999998
369,-0.3000000000000007,-0.15000000014477124,14.999999999999998
370,-13.85,-6.9250000002352525,14.999999999999998
371,-2.3000000000000007,-1.149999999475206,14.999999999999998
372,-0.5,-0.2500000004886017,14.999999999999998
373,-11.7,-5.850000000289541,14.999999999999998
374,-3.3499999999999996,-1.6749999995837834,14.999999999999998
375,1.0999999999999996,0.5499999995113981,14.999999999999998
376,-1.5,-0.7500000005428908,14.999999999999998
377,-0.34999999999999964,-0.17500000039811975,14.999999999999998
378,-3.3499999999999996,-1.6750000001266743,14.999999999999998
379,-3.75,-1.8749999999095182,14.999999999999998
380,1.25,0.6250000005609871,14.999999999999998
381,-3.4000000000000004,-1.6999999998733257,14.999999999999998
382,-2.200000000000001,-1.0999999999457115,14.999999999999998
383,0.0,1.0857816334859466e-10,14.999999999999998
384,-1.6500000000000004,-0.8250000000180966,14.999999999999998
385,-3.9000000000000004,-1.949999999837133,14.999999999999998
386,-1.1999999999999993,-0.5999999997104579,-14.999999999999998
387,-0.75,-0.3749999993847237,14.999999999999998
388,-3.25,-1.6250000000904818,14.999999999999998
389,2.4499999999999993,1.2249999997466505,14.999999999999998
390,-0.8000000000000007,-0.4000000003438312,14.999999999999998
391,-9.8,-4.900000000180964,14.999999999999998
392,-3.1500000000000004,-1.5749999999095183,14.999999999999998
393,-2.1000000000000014,-1.0499999998914225,14.999999999999998
394,-9.7,-4.8499999996742655,14.999999999999998
395,-8.35,-4.174999999475205,14.999999999999998
396,7.050000000000001,3.5250000006152766,14.999999999999998
397,-4.8500000000000005,-2.425000000289542,14.999999999999998
398,-10.25,-5.125000000307638,14.999999999999998
399,-2.8,-1.3999999997647472,14.999999999999998
400,-1.700000000000001,-0.8506071645415914,14.999999999999998
401,-3.049999999999999,-1.5250000003438302,14.999999999999998
402,-5.3,-2.6499999995837835,14.999999999999998
403,-1.3000000000000007,-0.6500000003438312,14.999999999999998
404,-2.5500000000000007,-1.2750000010133966,14.999999999999998
405,0.6999999999999993,0.35000000072385407,14.999999999999998
406,-22.65,-11.325000000633372,14.999999999999998
407,-5.3500000000000005,-2.675000000217157,14.999999999999998
408,4.699999999999999,2.3500000000723853,14.999999999999998
409,-7.5,-3.7500000004886016,14.999999999999998
410,-2.25,-1.1250000004705054,14.999999999999998
411,-4.5,-2.2499999998733253,14.999999999999998
412,-3.200000000000001,-1.5999999992580498,14.999999999999998
413,-0.5,-0.2499999988599293,14.999999999999998
414,-0.6999999999999993,-0.35000000085052857,14.999999999999998
415,-3.4000000000000004,-1.6999999998733257,14.999999999999998
416,-2.25,-1.1249999998371327,14.999999999999998
417,-2.450000000000001,-1.2249999997647478,14.999999999999998
418,-4.45,-2.225000000036193,14.999999999999998
419,-2.6000000000000005,-1.299999999891422,14.999999999999998
420,-3.3499999999999996,-1.6750000002352525,14.999999999999998
421,-6.15,-3.0749999998552293,14.999999999999998
422,-3.25,-1.6249999995656874,14.999999999999998
423,-6.8,-3.400000000108578,14.999999999999998
424,-2.8500000000000005,-1.4249999999276148,14.999999999999998
425,-4.65,-2.325000000126675,14.999999999999998
426,0.40000000000000036,0.19999999983713293,14.999999999999998
427,-8.55,-4.27499999940282,14.999999999999998
428,-2.6000000000000005,-1.299999999782844,14.999999999999998
429,0.4499999999999993,0.22452589858022393,14.999999999999998
430,-0.25,-0.12499999978284368,14.999999999999998
431,-5.6,-2.7999999990047,14.999999999999998
432,-7.95,-3.974999999692362,14.999999999999998
433,-8.7,-4.350000000416216,14.999999999999998
434,-4.8,-2.3999999996380725,14.999999999999998
435,0.09999999999999964,0.04999999983713258,14.999999999999998
436,-5.4,-2.7,14.999999999999998
437,-4.95,-2.4750000004524093,14.999999999999998
438,-7.15,-3.5749999999095183,7.14711464935242
439,-3.7,-1.8499999995656875,8.91370490721908
440,-24.0,-11.999999999981904,-8.406426303179751
441,-11.0,-5.500000000180964,-14.999999999999998
442,-23.6,-11.799999999819038,-14.999999999999998
443,-33.7,-16.850000000380025,-14.999999999999998
444,-19.7,-9.85000000119436,-14.999999999999998
445,-13.5,-6.750000000832433,-14.999999999999998
446,-12.05,-6.024999999710459,-3.14909003939575
447,-11.45,-5.724999999800939,-0.5144375160688545
448,-13.85,-6.924999999384724,-14.999999999999998
449,-16.9,-8.450000001085781,14.999999999999998
450,-27.1,-13.550000000235253,-14.999999999999998
451,-19.2,-9.599999998841833,-7.940137353235027
452,-22.599999999999998,-11.300000000180962,4.723399041414996
453,-53.0,-26.500000000832433,-14.999999999999998
454,16.099999999999998,8.049999998841832,14.999999999999998
455,-24.0,-12.000000000271445,14.999999999999998
456,-4.85,-2.424999999891422,14.999999999999998
457,-1.299999999999999,-0.6500000001990595,14.999999999999998
458,-2.6999999999999993,-1.3499999998914214,14.999999999999998
459,0.8999999999999986,0.4500000003257338,14.999999999999998
460,-0.3500000000000014,-0.1750000001447716,14.999999999999998
461,-4.3500000000000005,-2.1749999997828438,14.999999999999998
462,-0.6000000000000014,-0.29999999989142256,14.999999999999998
463,-5.35,-2.6750000004886014,14.999999999999998
464,-0.2500000000000018,-0.12499999963807369,14.999999999999998
465,-0.15000000000000036,-0.0750000001266747,14.999999999999998
466,-2.9000000000000004,-1.450000000488602,14.999999999999998
467,-1.9000000000000004,-0.9500000002714456,14.999999999999998
468,-0.3500000000000014,-0.17499999972855532,14.999999999999998
469,0.1999999999999993,0.10000000009048145,13.185806260643771
470,2.75,1.37500000039812,8.260141400958252
471,-0.9000000000000004,-0.44999999951139846,-7.6421684943157295
472,-3.45,-1.7250000001628674,-12.266004335701629
473,-0.6500000000000004,-0.32500000047050553,-14.999999999999998
474,-5.45,-2.725000000452409,-14.999999999999998
475,-6.1,-3.049999999764747,-14.999999999999998
476,-7.7,-3.8500000004343127,-14.999999999999998
477,-23.450000000000003,-11.725000000723856,14.999999999999998
478,6.949999999999999,3.4750000036554645,-3.2897638537388114
479,-1.5,-0.7499999987513511,-14.999999999999998
480,12.45,6.224999998461809,-4.09673160222676
481,35.599999999999994,17.799999995548294,8.259053056670199
482,-68.2,-30.0,-14.999999999999998
483,61.75,30.0,14.999999999999998
484,-70.55,-30.0,-14.999999999999998
485,-53.95,-26.975000000090482,-14.999999999999998
486,-14.85,-7.425000001701058,-8.215904225399115
487,17.1,8.549999999710458,-1.5034182362104274
488,-18.65,-9.324999999583783,-4.246962605820525
489,26.85,13.421638862591102,13.379112395190182
490,-26.2,-13.099999994408224,-14.999999999999998
491,41.75,20.875000002660165,-4.307378876917185
492,-52.35,-26.207803031567703,-14.999999999999998
493,0.9499999999999993,0.4749999951139825,3.329234420970863
494,-47.4,-23.699999997846533,-14.999999999999998
495,-12.85,-6.425000002026792,-9.582952967741068
496,-2.3499999999999996,-1.1749999998733254,-7.245372059792217
497,-7.15,-3.575000000036193,-8.694413803144519
498,-3.0500000000000007,-1.524999999873326,-7.309827672529149
499,-5.85,-2.9250000003257344,-7.752228810743791
500,-4.449999999999999,-2.2249999946615735,-1.5064481873164992
501,16.75,8.375000001266745,-3.411325933783796
502,-4.0,-2.0000000000723857,-14.235642520926419
503,-9.45,-4.725000000959107,-12.682906664621617
504,-4.1499999999999995,-2.074999999963807,-10.278967348919133
505,-3.1500000000000004,-1.5750000002714455,-9.344919844269436
506,-4.0,-1.9999999999095182,-9.303269841971586
507,-4.9,-2.450000000108578,-9.905148221447638
508,-1.3000000000000007,-0.6500000000904822,-9.984192380543842
509,-3.8,-1.9000000001266744,-6.508250656509519
510,-5.05,-2.5250000000904818,-4.6529307723443
511,-7.050000000000001,-3.5245175840609777,-6.141625921909761
512,-2.95,-1.4750000002171564,-4.214279177009459
513,-2.25,-1.1250000001628673,-6.496419160990961
514,-3.7,-1.8499999998552292,-7.876412922377438
515,-2.4499999999999993,-1.2249999997828434,-9.451729942549996
516,-1.8000000000000007,-0.8999999997647476,-3.323118285390945
517,-1.1500000000000004,-0.575000000090482,-3.5631615670206505
518,-5.55,-2.775000000162867,-9.047655296925441
519,-3.6500000000000004,-1.824999999746651,-10.970141252563804
520,-6.3,-3.1500000004705053,-12.440031557614832
521,-6.75,-3.374762405094035,-13.33702609606372
522,-6.949999999999999,-3.4750000003076376,-9.688611792177529
523,-7.85,-3.924999999963807,-9.137830385807767
524,-4.800000000000001,-2.3999212263482113,-3.5173542481472873
525,-34.3,-17.150000004650764,3.7639138343340286
526,-27.2,-13.59999999954759,14.999999999999998
527,-14.7,-7.349999999837133,14.999999999999998
528,-2.4000000000000004,-1.2000000001085784,14.999999999999998
529,-6.7,-3.350000001918214,14.999999999999998
530,-38.8,-19.4000000014839,-14.999999999999998
531,-29.049999999999997,-14.5249999994933,-14.999999999999998
532,-29.349999999999998,-14.675000003528789,-1.701502344989649
533,-20.35,-10.174999998479906,-6.4050295026835995
534,-18.1,-9.049999997991305,-14.999999999999998
535,1.0999999999999979,0.5500000010314914,-14.999999999999998
536,-2.0,-1.0000000001628673,-14.999999999999998
537,11.05,5.525000000343831,0.03354221905574761
538,10.2,5.10000000034383,-4.833406144847876
539,-2.3500000000000005,-1.1749999997466511,-14.999999999999998
540,-5.5,-2.7500000003981198,-14.999999999999998
541,-4.1000000000000005,-2.050000000235253,-14.999999999999998
542,-11.8,-5.9000000009229145,-14.999999999999998
543,-8.25,-4.124999999619977,-14.999999999999998
544,-12.9,-6.450000000325734,-14.999999999999998
545,-3.9000000000000004,-1.9499999990589896,-14.999999999999998
546,-6.65,-3.3250000005247946,-14.999999999999998
547,-8.25,-4.1249999994209166,-14.205072153835872
548,-4.6,-2.2988005937061153,-13.695934953858869
549,-5.85,-2.924999999963807,-14.999999999999998
550,-6.0,-2.999999999981904,-14.999999999999998
551,-4.9,-2.449999999439013,-14.999999999999998
552,-4.3999999999999995,-2.200000000018096,-14.999999999999998
553,-7.85,-3.9250000007419508,-14.999999999999998
554,-7.8,-3.9,-14.999999999999998
555,-9.25,-4.624999999927614,-14.999999999999998
556,-7.550000000000001,-3.774999999638073,-14.999999999999998
557,-6.95,-3.475000003166863,-14.999999999999998
558,-9.25,-4.625000000090481,-14.999999999999998
559,-5.65,-2.8250000005066984,-14.999999999999998
560,-11.399999999999999,-5.700000000760046,-14.999999999999998
561,-8.9,-4.45000000059718,-14.999999999999998
562,-7.1,-3.55,-14.999999999999998
563,1.1999999999999993,0.5999999999999996,-14.999999999999998
564,-3.75,-1.8749999999095182,-14.999999999999998
565,-17.8,-8.900000002099178,-14.999999999999998
566,-11.35,-5.675000000090481,-14.999999999999998
567,-8.05,-4.02500000039812,-14.999999999999998
568,-3.8,-1.8999999998914217,-14.999999999999998
569,-4.550000000000001,-2.2749999999638075,-14.999999999999998
570,-3.0,-1.499999999945711,-14.999999999999998
571,-5.15,-2.5750000005790836,-14.999999999999998
572,-5.9,-2.9500000008686253,-14.999999999999998
573,-8.45,-4.224999999728555,-14.999999999999998
574,-8.8,-4.399999999493303,-14.999999999999998
575,-8.4,-4.200000000488602,-14.999999999999998
576,-6.35,-3.175000000560987,-14.999999999999998
577,-5.6,-2.8000000001809635,-14.999999999999998
578,-4.75,-2.3749999995837836,-14.999999999999998
579,-6.45,-3.225000000235253,-14.999999999999998
580,-6.9,-3.4514972087750695,-14.999999999999998
581,-7.65,-3.825000000307638,-14.999999999999998
582,-7.55,-3.7750000001447708,-14.999999999999998
583,-7.449999999999999,-3.725000000217156,-14.999999999999998
584,-7.65,-3.8249999997466513,-14.999999999999998
585,-21.15,-10.575000001121973,-14.999999999999998
586,-9.75,-4.875000000307638,-14.999999999999998
587,-16.1,-8.050000000361928,-14.999999999999998
588,29.299999999999997,14.650000002859223,-14.999999999999998
589,-65.35,-30.0,-14.999999999999998
590,-1.5,-0.7499999993485311,-14.999999999999998
591,-38.599999999999994,-19.299999998823733,-14.999999999999998
592,-15.2,-7.599999999511398,-14.999999999999998
593,-15.399999999999999,-7.700000000615275,-14.999999999999998
594,-10.0,-4.999999999728555,-14.71628628764054
595,-4.1499999999999995,-2.0749999992399526,-13.621854420464379
596,-8.099999999999998,-4.0500000024792,-12.89279024192124
597,-16.15,-8.075000000705757,-14.999999999999998
598,-14.55,-7.275000000361928,11.75954534829081
599,-8.15,-4.0749999998733255,14.999999999999998
600,-4.700000000000001,-2.350000001085782,14.999999999999998
601,-7.75,-3.8750000005428906,14.999999999999998
602,-5.300000000000001,-2.6499999982446534,14.999999999999998
603,-4.25,-2.1249999996561693,14.999999999999998
604,-31.349999999999998,-15.675000001266744,14.999999999999998
605,4.249999999999998,2.125000002949706,14.999999999999998
606,-0.09999999999999964,-0.04999999916756732,14.999999999999998
607,-29.95,-14.975000000162867,7.225250853583745
608,-17.299999999999997,-8.65000000322115,10.58353086842717
609,-5.6499999999999995,-2.824999999909518,14.999999999999998
610,-9.15,-4.575000000325734,14.999999999999998
611,-11.45,-5.725000000434313,14.999999999999998
612,-7.9,-3.949999999149471,12.77576941245696
613,-9.85,-4.925000000868625,0.007850004103938777
614,-9.9,-4.949999999782844,-5.179192679814712
615,-10.299999999999999,-5.150000002569683,-5.114302988357915
616,-8.95,-4.4750000010495885,-3.225289282497182
617,-8.2,-4.10000000019906,-14.369758861792178
618,3.3500000000000014,1.6750000009591077,-13.368785510505292
619,-12.6,-6.2999999998552285,-14.62799791366362
620,-10.2,-5.100000000361927,-11.642979706650774
621,-5.1000000000000005,-2.5499999998009404,-8.031562891380982
622,-5.2,-2.6000000004886017,-10.055009706972026
623,4.849999999999998,2.4250000022620437,-14.071158583695707
624,-8.5,-4.2499999990047,-14.944688078573039
625,-6.7,-3.350000000235253,-14.999999999999998
626,-5.0,-2.5000000003981198,-14.999999999999998
627,-2.9000000000000004,-1.4496054976099733,-14.999999999999998
628,-2.1500000000000004,-1.0750000000542892,-14.999999999999998
629,-4.7,-2.3499999995656875,-14.999999999999998
630,-3.75,-1.8750000002895417,-13.340435976939794
631,-4.05,-2.025000000108578,-14.035941289523123
632,-14.8,-7.400000014603762,-13.203115751662137
633,-5.35,-2.674999999746651,-13.633881618560475
634,-10.6,-5.300000000452409,-13.257556653807182
635,-4.3500000000000005,-2.1757138252815285,-9.97977781801405
636,-13.05,-6.525000000904818,-12.334946640223304
637,-13.3,-6.649999999674266,-13.292802035819571
638,-10.25,-5.124999999113278,-13.139663620371069
639,-9.0,-4.49999999980094,-13.130729442468443
640,-10.8,-5.400000002660165,-13.289690835749608
641,-7.2,-3.599999999692362,-13.49650681048692
642,-5.550000000000001,-2.7749999988599297,-13.496059248459526
643,-9.4,-4.700000000687662,-13.688148415475185
644,-9.05,-4.5249999990047005,-13.822351018463234
645,-8.35,-4.17499999840752,-13.850015498967325
646,-9.9,-4.950000001863925,-13.972617441597086
647,-6.95,-3.4750000006695654,-13.97556506929608
648,-4.5,-2.249999999909518,-13.946617563918954
649,-9.35,-4.674999999927614,-13.94905241246757
650,-8.95,-4.474999998841833,-14.120822458112299
651,-4.1000000000000005,-2.0499999968693303,-14.205275453204138
652,-9.95,-4.975000000778143,-14.178506477927478
653,-8.15,-4.0750000002533495,-14.10699922402581
654,-3.75,-1.8749999968331372,-14.116619779937153
655,-8.15,-4.07499999980094,-14.387951184088042
656,-6.95,-3.4749999997104584,-14.46480088574048
657,-4.8,-2.3971297180259947,-14.47155402953562
658,-9.3,-4.649999998968508,-14.470485861407079
659,-7.4,-3.699999999276146,-14.472564967459173
660,-8.65,-4.324999999493302,-14.46900537905226
661,-3.700000000000001,-1.8499999967788487,-14.467331092852868
662,-7.9,-3.9500000002171567,-14.472237726360689
663,-6.6000000000000005,-3.2999999984980026,-14.468072629769026
664,-12.85,-6.425000000361927,-14.47188154536483
665,-4.3500000000000005,-2.1749999990951823,-14.46993748437663
666,-13.0,-6.500000001827733,-14.471634891108875
667,-12.95,-6.475000002117274,-14.47248264180092
668,-13.1,-6.550000001900117,-14.472702110716456
669,-7.5,-3.749999997683666,-14.472974399603066
670,-13.45,-6.725000000380023,-14.468126922447958
671,-2.8000000000000007,-1.3999999998009405,-14.468813577417176
672,-8.2,-4.100000000217156,-14.464055621905734
673,-7.45,-3.727437285595033,-14.468292737410394
674,-4.050000000000001,-2.024999998715159,-14.47722564013459
675,-8.4,-4.199999998425617,-14.47532076413836
676,-12.5,-6.250000001809636,-14.474039728979857
677,-12.1,-6.050000001429612,-14.472864895086156
678,-7.949999999999999,-3.9750000011219737,-14.471580924700337
679,-8.2,-4.09999999880564,-14.473411555265484
680,-4.4,-2.199999997014101,-14.470769015000522
681,-7.2,-3.6000000000180963,-14.468889785920418
682,-7.5,-3.7499999980998826,-14.467673133187203
683,-12.149999999999999,-6.075000001755346,-14.468336987666303
684,-9.75,-4.875000000832433,-14.46886393807431
685,-5.2,-2.599999999239953,-14.469084118000017
686,-5.4,-2.699999999185664,-14.465344277290606
687,-12.399999999999999,-6.20000000173725,-14.46523335082141
688,-7.85,-3.924999999855229,-14.468337954735608
689,-4.75,-2.374999999131375,-14.468697043349101
690,-12.1,-6.0500000015019975,-14.468336778977402
691,-7.5,-3.749999998172268,-14.466979990803377
692,-7.3,-3.6500000019001173,-14.470519973398533
693,-4.5,-2.249999999909518,-14.469388261160281
694,-7.55,-3.775000000904818,-14.469580689226113
695,-4.5,-2.249999999022797,-14.470161714898648
696,-7.3,-3.6500000013029377,-14.469774809125218
697,-7.800000000000001,-3.9000000008686255,-14.464344234544475
698,-3.700000000000001,-1.849999999511399,-14.467783660142096
699,-9.0,-4.499999998660869,-14.395751188276337
700,-8.7,-4.349999998443713,-14.39620314362425
701,-6.1,-3.050000000560987,-14.395811425442204
702,-11.899999999999999,-5.950000001809635,-14.391889379158373
703,-7.75,-3.874999998588484,-14.394455738849853
704,-3.3500000000000005,-1.6749999994933022,-14.392009697582058
705,-3.3500000000000005,-1.674999999837133,-14.387373434548744
706,-9.05,-4.524999999782844,-14.390497847752577
707,-11.75,-5.87500000114007,-14.391677612213474
708,-7.95,-3.9750000016105758,-14.391314599264255
709,-7.4,-3.699999999837133,-14.396503607079701
710,-4.75,-2.3750000001266747,-14.390316354071674
711,-11.85,-5.9249999996923615,-14.394787065224518
712,-13.0,-6.500000001827732,-14.395148717541687
713,-8.8,-4.399999999493303,-13.787121459762435
714,-9.35,-4.67500000074195,-13.109119072677023
715,-12.7,-6.350000001990599,-12.286114182210992
716,-7.85,-3.9249999993666274,-5.521598857321417
717,0.9499999999999993,0.4750000015200937,-3.544999460532373
718,-12.35,-6.1750000016105755,-1.8977417651082595
719,-8.25,-4.125000000253349,4.913726300546384
720,-4.4,-2.199999998371328,2.029199059400847
721,-7.2,-3.600000001140071,14.999999999999998
722,-5.050000000000001,-2.5250000006152766,14.999999999999998
723,-8.25,-4.124999999384724,14.999999999999998
724,-9.95,-4.975000000524794,14.999999999999998
725,-9.9,-4.950000000488602,14.999999999999998
726,-9.55,-4.775000000886722,14.999999999999998
727,-12.35,-6.174999999981903,14.999999999999998
728,-7.050000000000001,-3.5249999988237373,14.999999999999998
729,-8.65,-4.324999999945711,14.999999999999998
730,-11.3,-5.650000002967803,14.999999999999998
731,-12.75,-6.375000001556287,14.999999999999998
732,-9.15,-4.575000002678261,14.999999999999998
733,-12.95,-6.4750000008867215,14.999999999999998
734,-12.2,-6.099999999800939,14.999999999999998
735,-12.549999999999999,-6.2750000001628665,14.999999999999998
736,-12.549999999999999,-6.274999999873325,14.999999999999998
737,-11.5,-5.749999999348531,14.999999999999998
738,-12.549999999999999,-6.274999999909518,14.999999999999998
739,-12.2,-6.099999999547591,14.999999999999998
740,-12.2,-6.099999999728555,14.999999999999998
741,-13.75,-6.875000000235253,14.999999999999998
742,-9.15,-4.574999998896122,14.999999999999998
743,-13.0,-6.500000000253349,14.999999999999998
744,-12.45,-6.225000000361927,14.999999999999998
745,-8.8,-4.39999999826275,14.999999999999998
746,-12.45,-6.224999999837133,14.999999999999998
747,-13.3,-6.650000000108578,14.999999999999998
748,-12.399999999999999,-6.199835716058937,14.999999999999998
749,-13.0,-6.49999999980094,14.999999999999998
750,-12.549999999999999,-6.275000001230552,14.999999999999998
751,-13.149999999999999,-6.574999999999999,14.999999999999998
752,-13.149999999999999,-6.575000000361927,14.999999999999998
753,-13.8,-6.900000000072386,14.999999999999998
754,-11.85,-5.925000000054289,14.999999999999998
755,-12.2,-6.100000000036192,14.999999999999998
756,-12.15,-6.074999999909519,14.999999999999998
757,-11.95,-5.975000000271445,14.999999999999998
758,-7.5,-3.7499999992580495,14.999999999999998
759,19.95,9.975000000850528,14.999999999999998
760,23.849999999999994,11.924999999927612,14.999999999999998
761,16.249999999999996,8.12499999715887,14.999999999999998
762,24.349999999999994,12.174999999764745,14.999999999999998
763,25.299999999999997,12.65000000009048,14.999999999999998
764,25.15,12.575000000036193,14.999999999999998
765,25.4,12.700000000090482,14.999999999999998
766,24.65,12.324999999583783,14.999999999999998
767,25.5,12.75000000045241,14.999999999999998
768,24.9,12.449999999656168,14.999999999999998
769,25.299999999999997,12.65000000023525,14.999999999999998
770,24.75,12.37409196603597,14.999999999999998
771,24.9,12.449999999855228,14.999999999999998
772,25.049999999999997,12.525000000054288,14.999999999999998
773,25.549999999999997,12.775000000361926,14.999999999999998
774,25.4,12.700000000036193,14.999999999999998
775,25.949999999999996,12.974999999927613,14.999999999999998
776,25.9,12.950000000108577,14.999999999999998
777,25.599999999999994,12.799999999909515,14.999999999999998
778,25.049999999999997,12.524999999728553,14.999999999999998
779,25.599999999999994,12.799999999963804,14.999999999999998
780,25.449999999999996,12.725000000018094,14.999999999999998
781,25.9,12.95000000039812,14.999999999999998
782,17.499999999999996,8.749999997231255,14.999999999999998
783,28.049999999999997,14.02500000068766,14.999999999999998
784,49.6,24.800000010007288,14.999999999999998
785,14.899999999999999,7.449999999710458,14.999999999999998
786,13.45,6.724999999855229,14.999999999999998
787,14.899999999999999,7.45000000019906,14.999999999999998
788,24.349999999999994,12.17500000043431,14.999999999999998
789,14.549999999999997,7.274999999746649,14.999999999999998
790,14.799999999999997,7.399999996851232,14.999999999999998
791,14.049999999999997,7.024999996579787,14.999999999999998
792,14.899999999999999,7.449999997122679,14.999999999999998
793,23.849999999999994,11.925000003637365,14.999999999999998
794,23.099999999999994,11.549999999855226,14.999999999999998
795,15.25,7.624999999909519,14.999999999999998
796,15.25,7.624999996887427,14.999999999999998
797,23.200000000000003,11.600000003275442,14.999999999999998
798,15.25,7.625,14.999999999999998
799,15.25,7.624999997158872,14.999999999999998
800,23.5,11.749999999873326,14.999999999999998
801,23.5,11.75000000307638,14.999999999999998
802,23.849999999999994,11.925000000126671,14.999999999999998
803,15.350000000000001,7.6749999970502945,14.999999999999998
804,15.149999999999999,7.574999996742655,14.999999999999998
805,23.5,11.749999999963807,14.999999999999998
806,15.25,7.624999997050294,14.999999999999998
807,23.25,11.624999999782844,14.999999999999998
808,15.25,7.624999997140775,14.999999999999998
809,15.149999999999999,7.574999996977907,14.999999999999998
810,23.25,11.625000003003995,14.999999999999998
811,15.5,7.749999997104583,14.999999999999998
812,15.149999999999999,7.574999999999999,14.999999999999998
813,14.549999999999997,7.274999996670269,14.999999999999998
814,23.599999999999994,11.800000002985897,14.999999999999998
815,15.25,7.624999996796944,14.999999999999998
816,24.25,12.125000000524794,14.999999999999998
817,24.450000000000003,12.225000000343833,14.999999999999998
818,14.299999999999997,7.149999999384723,14.999999999999998
819,15.0,7.500000000054289,14.999999999999998
820,23.39999999999999,11.699999999873322,14.999999999999998
821,23.39999999999999,11.699999999927611,14.999999999999998
822,14.099999999999998,7.049999996760751,14.999999999999998
823,23.5,11.749999999891422,14.999999999999998
824,23.349999999999994,11.674999999927612,14.999999999999998
825,13.95,6.974999999656169,14.999999999999998
826,14.599999999999998,7.299352862504852,14.999999999999998
827,23.39999999999999,11.699999999855224,14.999999999999998
828,24.049999999999997,12.025000003402115,14.999999999999998
829,13.899999999999999,6.949205660989349,14.999999999999998
830,19.7,9.849999997774148,14.999999999999998
831,25.5,12.74999999954759,14.999999999999998
832,6.549999999999997,3.2749999974122197,14.999999999999998
833,13.2,6.599999999420916,14.999999999999998
834,25.699999999999996,12.849999999800938,14.999999999999998
835,18.25,9.125000000778144,14.999999999999998
836,23.349999999999994,11.67499999784653,14.999999999999998
837,9.299999999999997,4.650000003655463,-14.999999999999998
838,17.9,8.949999999022795,-14.999999999999998
839,23.25,11.625000000615277,-14.999999999999998
840,23.25,11.625000000180963,-14.999999999999998
841,4.85,2.42499999860658,-14.999999999999998
842,-15.45,-7.724999999728555,-14.999999999999998
843,-21.7,-10.85000000039812,14.999999999999998
844,-23.65,-11.825000000904817,14.999999999999998
845,-20.3,-10.15,14.999999999999998
846,-19.05,-9.524999999837133,-14.999999999999998
847,-6.05,-3.024999999891422,-14.999999999999998
848,-3.4000000000000004,-1.6999999989142187,-14.999999999999998
849,-2.55,-1.2749999993847239,-14.999999999999998
850,-0.9000000000000004,-0.4500000000361929,-14.999999999999998
851,7.399999999999999,3.699999999330434,-14.999999999999998
852,-0.5500000000000007,-0.2749999996742659,-14.999999999999998
853,-2.6000000000000005,-1.299999999782844,-14.999999999999998
854,-6.0,-3.0000000001266747,-14.999999999999998
855,-3.6500000000000004,-1.8249999988418333,-14.999999999999998
856,-5.55,-2.7749999992580494,-14.999999999999998
857,-4.35,-2.1750000003981196,-14.999999999999998
858,-2.0999999999999996,-1.0499999995475908,-14.999999999999998
859,7.399999999999999,3.70000000054289,-14.999999999999998
860,-10.7,-5.349999999891422,-14.999999999999998
861,-12.7,-6.349999999764747,-14.999999999999998
862,-5.95,-2.9749999997285546,-14.999999999999998
863,-5.65,-2.8250000000180964,-14.999999999999998
864,1.5500000000000007,0.774999999981904,-14.999999999999998
865,2.0,0.9999999973217392,-14.999999999999998
866,-33.349999999999994,-16.674999998606577,14.999999999999998
867,-38.65,-19.324999999529496,14.999999999999998
868,-55.95,-27.975000000814337,14.999999999999998
869,-49.4,-24.69999999940282,14.999999999999998
870,-4.4,-2.1999999963445362,14.999999999999998
871,13.299999999999997,6.650000000651468,14.999999999999998
872,22.9,11.449999999782843,14.999999999999998
873,28.449999999999996,14.22500000083243,14.999999999999998
874,25.1,12.549999999040894,14.999999999999998
875,-8.85,-4.425000001429612,14.999999999999998
876,-30.9,-15.45000000028954,14.999999999999998
877,-9.8,-4.899999999891422,14.999999999999998
878,-7.199999999999999,-3.5999999998914216,14.999999999999998
879,0.5500000000000007,0.27500000009048214,14.999999999999998
880,14.349999999999998,7.174999999999999,14.999999999999998
881,16.1,8.049999999565689,14.999999999999998
882,-19.049999999999997,-9.525000000416215,14.999999999999998
883,-7.75,-3.875,14.999999999999998
884,-5.7,-2.850000000162867,14.999999999999998
885,-8.9,-4.450000000072386,14.999999999999998
886,-12.7,-6.350000000325734,14.999999999999998
887,-3.9000000000000004,-1.9499999993847241,14.999999999999998
888,-2.8499999999999996,-1.4250000007419505,14.999999999999998
889,-11.2,-5.598982453489644,14.999999999999998
890,-16.05,-8.025000000615277,14.999999999999998
891,-17.1,-8.550000000741951,14.999999999999998
892,-1.6499999999999986,-0.8250000045783775,14.999999999999998
893,-38.0,-18.999999999583785,14.999999999999998
894,-4.15,-2.0750000004705056,14.999999999999998
895,-10.65,-5.325000000416217,14.999999999999998
896,-12.8,-6.4000000007057585,14.999999999999998
897,-13.3,-6.6500000003257345,14.999999999999998
898,-12.7,-6.350000000108578,14.999999999999998
899,-12.05,-6.02499999965617,14.999999999999998
900,-13.399999999999999,-6.700000000398119,14.999999999999998
901,-17.45,-8.725000000904817,14.999999999999998
902,-11.65,-5.824999999891422,14.999999999999998
903,-8.5,-4.249999999547591,14.999999999999998
904,-8.0,-4.000000000832433,14.999999999999998
905,-7.5,-3.749999998986604,14.999999999999998
906,-24.0,-12.000000000832433,14.999999999999998
907,0.4499999999999993,0.22500000162867173,14.999999999999998
908,-14.55,-7.274999998588484,14.999999999999998
909,-20.35,-10.174999998968508,14.999999999999998
910,-15.9,-7.950000000850529,14.999999999999998
911,-17.35,-8.674999999348532,14.999999999999998
912,-6.8,-3.399999999547591,14.999999999999998
913,-9.9,-4.950000000108578,14.999999999999998
914,-12.549999999999999,-6.275000000814336,14.999999999999998
915,-12.0,-5.999999998986604,14.999999999999998
916,-6.7,-3.349999998715159,14.999999999999998
917,-12.100000000000001,-6.050000001085782,14.999999999999998
918,-19.6,-9.800000000579084,14.999999999999998
919,-22.35,-11.175000000524795,14.999999999999998
920,-23.05,-11.524999999945711,14.999999999999998
921,-15.3,-7.648702950266343,14.999999999999998
922,-32.7,-16.3500000039812,14.999999999999998
923,-31.65,-15.82500000019906,14.999999999999998
924,-20.6,-10.299999998751352,14.999999999999998
925,-11.05,-5.525000002877321,-14.999999999999998
926,-19.7,-9.850000000126673,14.999999999999998
927,-13.6,-6.799999999728555,14.999999999999998
928,-19.35,-9.675000000651469,14.999999999999998
929,-25.9,-12.950000000072384,14.999999999999998
930,-4.1,-2.04999999880564,14.999999999999998
931,-13.8,-6.899999999873326,14.999999999999998
932,-17.9,-8.95000000019906,14.999999999999998
933,-18.5,-9.250000000235252,14.999999999999998
934,-22.7,-11.349999999656168,14.999999999999998
935,-10.75,-5.375000000380023,-14.999999999999998
936,-8.15,-4.074999999692362,14.999999999999998
937,-11.9,-5.948988292046363,14.999999999999998
938,-13.25,-6.6250000007419505,14.999999999999998
939,-19.65,-9.825790870426133,14.999999999999998
940,-13.95,-6.974999993684372,14.999999999999998
941,-19.1,-9.550000001646769,14.999999999999998
942,-2.3000000000000007,-1.150262859679662,14.999999999999998
943,6.0,3.0000000004162164,14.999999999999998
944,20.05,10.024999999131376,14.999999999999998
945,-29.75,-14.87500000094101,14.999999999999998
946,-15.75,-7.874999998570388,14.999999999999998
947,-8.85,-4.424999997719859,14.999999999999998
948,-6.15,-3.0749999997647475,14.999999999999998
949,-8.6,-4.299999999963807,-14.999999999999998
950,-12.4,-6.200000000162867,-14.999999999999998
951,-11.45,-5.725000000072385,-14.999999999999998
952,-10.85,-5.424999999891422,-14.999999999999998
953,-10.95,-5.475,-14.999999999999998
954,-10.85,-5.425,-14.999999999999998
955,-10.95,-5.475000000036192,-14.999999999999998
956,-10.85,-5.425,-14.999999999999998
957,-10.85,-5.425,-14.999999999999998
958,-10.85,-5.425,-14.999999999999998
959,-10.85,-5.425,-14.999999999999998
960,-23.55,-11.775000001158167,14.999999999999998
961,31.9,15.952538114739992,-14.999999999999998
962,-4.9,-2.4500000025515862,-14.999999999999998
963,-34.7,-17.3499999910604,-14.999999999999998
964,-41.15,-20.57499999934853,-14.999999999999998
965,-49.4,-24.69999999909518,-14.999999999999998
966,59.19999999999999,29.60000000271445,-14.999999999999998
967,-1.5500000000000007,-0.7750000005066984,-14.999999999999998
968,25.200000000000003,12.60000000030764,-14.999999999999998
969,3.9499999999999993,1.9749999967426555,-14.999999999999998
970,-38.45,-19.224999998208464,-14.999999999999998
971,-59.05,-29.524999998479906,14.999999999999998
972,-28.25,-14.124999999945711,14.999999999999998
973,3.75,1.8750000009229142,14.999999999999998
974,3.75,1.8750000000361926,14.999999999999998
975,2.75,1.375,14.999999999999998
976,3.0500000000000007,1.5250000000000004,14.999999999999998
977,2.75,1.374999999891422,14.999999999999998
978,3.0500000000000007,1.5250000000000004,-14.999999999999998
979,3.0999999999999996,1.5500000000180962,-14.999999999999998
980,3.0500000000000007,1.5250000000000004,-14.999999999999998
981,3.3000000000000007,1.6500000001809638,-14.999999999999998
982,3.3000000000000007,1.6500000000904822,-14.999999999999998
983,3.3000000000000007,1.6500000000000004,-14.999999999999998
984,2.8000000000000007,1.3999999999095185,-14.999999999999998
985,2.75,1.374999999891422,-14.999999999999998
986,2.75,1.374999999891422,-14.999999999999998
987,3.0500000000000007,1.5250000000000004,-14.999999999999998
988,3.3000000000000007,1.6500000000904822,-14.999999999999998
989,3.0500000000000007,1.5250000000000004,-14.999999999999998
990,3.0500000000000007,1.5250000001085784,-14.999999999999998
991,3.4000000000000004,1.7000000002352529,-14.999999999999998
992,3.0500000000000007,1.524999999873326,-14.999999999999998
993,3.0500000000000007,1.5250000001085784,-14.999999999999998
994,3.0500000000000007,1.5250000001085784,-14.999999999999998
995,3.0500000000000007,1.5249999999095185,-14.999999999999998
996,3.0500000000000007,1.5250000000000004,-14.999999999999998
997,2.75,1.374999999891422,-14.999999999999998
998,3.0500000000000007,1.5250000000000004,-14.999999999999998
999,3.0500000000000007,1.5250000000904822,-14.999999999999998
1000,3.4000000000000004,1.7000000000361928,-14.999999999999998
1001,2.8000000000000007,1.4000000001085784,-14.999999999999998
1002,3.3000000000000007,1.6500000000904822,-14.999999999999998
1003,3.0500000000000007,1.5250000000000004,-14.999999999999998
1004,3.0500000000000007,1.5250000000000004,-14.999999999999998
1005,2.75,1.374999999891422,-14.999999999999998
1006,3.0500000000000007,1.5250000000000004,-14.999999999999998
1007,3.0500000000000007,1.524999999873326,-14.999999999999998
1008,2.8000000000000007,1.3999999999095185,-14.999999999999998
1009,3.0500000000000007,1.5250000000000004,-14.999999999999998
1010,3.0500000000000007,1.5250000000000004,-14.999999999999998
1011,3.0500000000000007,1.5250000000000004,-14.999999999999998
1012,3.3000000000000007,1.6500000000904822,-14.999999999999998
1013,2.8000000000000007,1.4000000000180968,-14.999999999999998
1014,11.3,5.650000000343831,-14.999999999999998
1015,43.949999999999996,21.975000000542888,-14.999999999999998
1016,25.449999999999996,12.724999998932313,-14.999999999999998
1017,-32.849999999999994,-16.425000000850527,14.999999999999998
1018,18.299999999999997,9.150000000253348,-14.999999999999998
1019,-11.25,-5.624999999728555,14.999999999999998
1020,-13.1,-6.549999999945711,14.999999999999998
1021,-9.8,-4.899999999728555,-14.999999999999998
1022,-5.2,-2.600000000036193,-14.999999999999998
1023,-3.0999999999999996,-1.5500000005066978,-14.999999999999998
1024,-5.25,-2.6250000001266747,-14.999999999999998
1025,-6.75,-3.3750000002895417,-14.999999999999998
1026,-11.65,-5.8250000001990605,-14.999999999999998
1027,-17.5,-8.750000001701057,-14.999999999999998
1028,-4.950000000000001,-2.47499999558449,-14.999999999999998
1029,-41.7,-20.849999999927615,-14.999999999999998
1030,6.75,3.37500000407168,-14.999999999999998
1031,-19.9,-9.950000004578378,-14.999999999999998
1032,-28.95,-14.4749999990047,-14.999999999999998
1033,-3.3,-1.6500000001447708,-14.999999999999998
1034,-7.05,-3.525000002587779,-14.999999999999998
1035,-2.6000000000000005,-1.3000000048498235,-14.999999999999998
1036,-9.6,-4.799999998968508,-14.999999999999998
1037,-8.7,-4.350000004325029,-14.999999999999998
1038,3.9499999999999993,1.9750000009591064,-14.999999999999998
1039,-12.3,-6.150000000271445,-14.999999999999998
1040,3.1500000000000004,1.5749999999819038,-14.999999999999998
1041,-4.75,-2.3749999992942423,-14.999999999999998
1042,-1.4000000000000004,-0.7000000022982373,-14.999999999999998
1043,-8.85,-4.424999999728555,-14.999999999999998
1044,-13.9,-6.95,-14.999999999999998
1045,44.75,22.375000005881315,-14.999999999999998
1046,28.799999999999997,14.393151278034495,-14.999999999999998
1047,12.95,6.475000000633372,-14.999999999999998
1048,19.5,9.749999999149471,-14.999999999999998
1049,30.449999999999996,15.224999998588482,-14.999999999999998
1050,-7.1499999999999995,-3.57500000521175,-14.999999999999998
1051,9.95,4.974999998950411,-14.999999999999998
1052,12.5,6.250000001682961,-14.999999999999998
1053,-15.7,-7.866608562810921,-14.999999999999998
1054,31.5,15.75000000074195,-14.999999999999998
1055,42.849999999999994,21.425000002533487,-14.999999999999998
1056,72.35000000000001,30.0,-14.999999999999998
1057,68.05,30.0,-14.999999999999998
1058,48.05,24.02500000045241,-14.999999999999998
1059,-4.050000000000001,-2.0249999975750885,-14.999999999999998
1060,27.4,13.7,-14.999999999999998
1061,27.4,13.700000000126673,-14.999999999999998
1062,28.299999999999997,14.150000000036192,-14.999999999999998
1063,26.25,13.124999999674266,-14.999999999999998
1064,12.75,6.375000000271445,-14.999999999999998
1065,15.099999999999998,7.550000000108577,-14.999999999999998
1066,-1.75,-0.8750000004705052,-14.999999999999998
1067,-20.549999999999997,-10.27499999974665,-14.999999999999998
1068,2.8499999999999996,1.425000001176263,-14.999999999999998
1069,6.449999999999999,3.225000001085781,-14.999999999999998
1070,2.25,1.1250000003257343,-14.999999999999998
1071,-6.8,-3.400000000760047,-14.999999999999998
1072,-7.1,-3.55,-14.999999999999998
1073,-4.15,-2.075000000542891,-14.999999999999998
1074,37.15,18.571431650112423,-14.999999999999998
1075,13.349999999999998,6.674999999330434,-14.999999999999998
1076,5.25,2.6249999996561693,-14.999999999999998
1077,1.1999999999999993,0.5994259728166235,-14.999999999999998
1078,-0.3500000000000014,-0.17500000023525333,-14.999999999999998
1079,-4.3,-2.149999999963807,-14.999999999999998
1080,-0.3500000000000014,-0.174999999149472,-14.999999999999998
1081,6.199999999999999,3.099999999674265,-14.999999999999998
1082,-4.8500000000000005,-2.425000000036193,-14.999999999999998
1083,-5.45,-2.7249999997647474,-14.999999999999998
1084,-13.25,-6.625000000524794,-14.999999999999998
1085,3.4499999999999993,1.7249999993123382,-14.999999999999998
1086,-1.6000000000000014,-0.7999999997647481,-14.999999999999998
1087,-9.2,-4.599999999927614,-14.999999999999998
1088,-10.1,-5.050000000506698,-14.999999999999998
1089,-11.9,-5.950000000325734,-14.999999999999998
1090,-11.35,-5.675037866643779,-14.999999999999998
1091,-0.6999999999999993,-0.3499999994933017,-14.999999999999998
1092,1.3000000000000007,0.6500000002533494,-14.999999999999998
1093,-10.85,-5.425000000325734,-14.999999999999998
1094,-11.65,-5.824999999746651,-14.999999999999998
1095,-8.15,-4.075000000904818,-14.999999999999998
1096,-5.75,-2.8749999992761457,-14.999999999999998
1097,-14.5,-7.2500000007962395,-14.999999999999998
1098,-21.45,-10.725000000832432,-14.999999999999998
1099,-22.7,-11.350000001013395,-14.999999999999998
1100,-6.300000000000001,-3.149999998208461,-14.999999999999998
1101,-4.050000000000001,-2.024999999728555,-14.999999999999998
1102,-8.0,-4.00000000019906,-14.999999999999998
1103,-8.2,-4.100374723641314,-14.999999999999998
1104,-7.7,-3.85,-14.999999999999998
1105,-7.9,-3.9500000000723854,-14.999999999999998
1106,-7.8,-3.9,-14.999999999999998
1107,-8.35,-4.175000000217156,-14.999999999999998
1108,-7.35,-3.675,-14.999999999999998
1109,-7.35,-3.674999999963807,-14.999999999999998
1110,-7.35,-3.674999999963807,-14.999999999999998
1111,-7.2,-3.5998135202771837,-14.999999999999998
1112,-7.45,-3.725,-14.999999999999998
1113,-7.95,-3.9750000001809638,-14.999999999999998
1114,-7.800000000000001,-3.900000000090482,-14.999999999999998
1115,41.4,20.700000000669565,14.999999999999998
1116,26.5,13.250000004397414,14.999999999999998
1117,34.45,17.224999993087195,14.999999999999998
1118,53.94999999999999,26.97500000007238,14.999999999999998
1119,46.5,23.250000001121975,14.999999999999998
1120,45.55,22.775000002062985,14.999999999999998
1121,10.5,5.250000000018097,14.999999999999998
1122,10.799999999999997,5.400000000235251,14.999999999999998
1123,10.799999999999997,5.399999999999999,14.999999999999998
1124,11.299999999999997,5.649999999710457,14.999999999999998
1125,-0.8500000000000014,-0.42499999947520645,-14.999999999999998
1126,7.299999999999997,3.6500000042164493,14.999999999999998
1127,-8.0,-3.9999999992037605,12.72224518618271
1128,-1.25,-0.6250000010133959,14.999999999999998
1129,-3.6500000000000004,-1.8249999992037607,-9.093501841090019
1130,0.14999999999999858,0.07499999922185603,-6.644584838573813
1131,-36.65,-18.325000000524792,-14.999999999999998
1132,46.25,23.12499999831704,7.799929173411137
1133,-31.05,-15.516951406004008,-14.999999999999998
1134,-0.5500000000000007,-0.2750000001809639,-13.482455991283642
1135,0.6999999999999993,0.34999999990951786,-14.999999999999998
1136,3.549999999999999,1.775000000597179,-5.287268051619907
1137,-23.45,-11.725000003402114,-14.999999999999998
1138,-12.85,-6.424999999167568,-14.999999999999998
1139,-10.5,-5.249999998624677,14.999999999999998
1140,-24.2,-12.099999996290247,14.999999999999998
1141,2.200000000000001,1.0999999956749718,-14.999999999999998
1142,-16.5,-8.249999997430317,14.999999999999998
1143,25.299999999999997,12.649999999565686,14.999999999999998
1144,-18.85,-9.425000001067685,10.503994287047371
1145,-22.3,-11.15000000124865,8.25634762876445
1146,4.85,2.4249999993666274,14.999999999999998
1147,-2.1500000000000004,-1.0749999997466513,14.999999999999998
1148,14.849999999999998,7.4249999995294935,14.999999999999998
1149,33.0,16.50000000188202,14.999999999999998
1150,28.199999999999996,14.099999998678964,14.999999999999998
1151,32.65,16.32499999931234,14.999999999999998
1152,10.949999999999996,5.474639369329081,14.999999999999998
1153,1.5500000000000007,0.7750000005247947,14.999999999999998
1154,0.1999999999999993,0.0999999992580491,14.999999999999998
1155,9.899999999999999,4.950000003058284,14.999999999999998
1156,-19.35,-9.674999996036899,14.999999999999998
1157,44.5,22.249999998932314,14.999999999999998
1158,25.549999999999997,12.77499999632644,14.999999999999998
1159,32.15,16.074999995005406,14.999999999999998
1160,15.95,7.975000005483195,14.999999999999998
1161,15.45,7.7250000011581665,14.999999999999998
1162,40.95,20.489983264516006,14.999999999999998
1163,-24.75,-12.375000005284136,14.999999999999998
1164,-5.1,-2.550000005066979,14.999999999999998
1165,25.35,12.674999998660871,14.999999999999998
1166,22.5,11.249999994462515,14.999999999999998
1167,23.65,11.824999999638072,14.999999999999998
1168,-2.95,-1.4750000010857813,14.999999999999998
1169,8.100000000000001,4.037361619795396,-3.818312521888916
1170,-3.95,-1.9749999987332554,14.999999999999998
1171,-20.9,-10.450000000180962,14.999999999999998
1172,-33.6,-16.80000000208108,14.999999999999998
1173,-23.249999999999996,-11.625000010387305,14.999999999999998
1174,10.0,4.999999998841833,-14.999999999999998
1175,20.849999999999998,10.425000003510691,14.999999999999998
1176,-7.199999999999999,-3.60000000094101,-14.999999999999998
1177,-2.3,-1.150000001176263,-14.999999999999998
1178,-105.2,-30.0,14.999999999999998
1179,-96.0,-30.0,14.999999999999998
1180,-68.3,-30.0,14.999999999999998
1181,-104.55,-30.0,14.999999999999998
1182,-104.4,-30.0,14.999999999999998
1183,-47.2,-23.58906215929154,14.999999999999998
1184,40.85,20.42500000059718,14.999999999999998
1185,1.5500000000000007,0.7750000004705055,14.999999999999998
1186,0.25,0.12500000077814324,14.999999999999998
1187,43.7,21.85000001583431,14.999999999999998
1188,37.599999999999994,18.799999996652172,14.999999999999998
1189,57.25,28.625000000018098,14.999999999999998
1190,56.150000000000006,28.075000009536783,14.999999999999998
1191,37.2,18.59999999339483,14.999999999999998
1192,22.199999999999996,11.100000002334427,14.999999999999998
1193,51.15,25.575000001954404,14.999999999999998
1194,51.64999999999999,25.825000011853106,14.999999999999998
1195,29.65,14.825000007274733,14.999999999999998
1196,43.65,21.825000000760046,14.999999999999998
1197,4.85,2.424999997918919,14.999999999999998
1198,-24.25,-12.125000020521266,14.999999999999998
1199,-55.8,-27.900000014929493,14.999999999999998
1200,-19.5,-9.749999994607286,14.999999999999998
1201,-52.15,-26.074999995204465,14.999999999999998
1202,-48.7,-24.349999998154175,14.999999999999998
1203,-61.05,-30.0,14.999999999999998
1204,-61.15,-30.0,14.999999999999998
1205,-59.699999999999996,-29.849999999638072,14.999999999999998
1206,-54.599999999999994,-27.299999997122676,14.999999999999998
1207,-61.15,-30.0,14.999999999999998
1208,-60.599999999999994,-30.0,14.999999999999998
1209,-31.25,-15.624999994571093,14.999999999999998
1210,-13.2,-6.59999999846181,14.999999999999998
1211,21.65,10.825000007256637,14.999999999999998
1212,-1.0500000000000007,-0.5250000013753233,14.999999999999998
1213,3.9499999999999993,1.9750000001085777,14.999999999999998
1214,5.399999999999999,2.699999997593184,14.999999999999998
1215,2.9999999999999982,1.4999999969236189,14.999999999999998
1216,5.0,2.499999994733961,14.999999999999998
1217,-3.1500000000000004,-1.5750000044697996,14.999999999999998
1218,-7.25,-3.624999998986604,14.999999999999998
1219,-4.05,-2.0249999966521743,14.999999999999998
1220,-86.8,-30.0,14.999999999999998
1221,-77.39999999999999,-30.0,14.999999999999998
1222,-86.19999999999999,-30.0,14.999999999999998
1223,-77.9,-30.0,14.999999999999998
1224,-67.95,-30.0,14.999999999999998
1225,-76.1,-30.0,14.999999999999998
1226,-76.05,-30.0,14.999999999999998
1227,-33.599999999999994,-16.7999999999819,14.999999999999998
1228,-98.0,-30.0,14.999999999999998
1229,-59.55,-29.775000004813627,14.999999999999998
1230,2.0500000000000007,1.0250000000000004,14.999999999999998
1231,-40.75,-20.37500000908437,14.999999999999998
1232,-8.0,-3.999999998606581,14.999999999999998
1233,-6.449999999999999,-3.2250000035649813,14.999999999999998
1234,-9.25,-4.632116722150741,14.999999999999998
1235,2.8999999999999986,1.4499999992580488,14.999999999999998
1236,5.200000000000001,2.599999999764748,14.999999999999998
1237,11.0,5.5000000020629844,14.999999999999998
